EventID,Type,Reported date,Forwarded date,Work started,Work completed
1,CM,2024-01-15 03:12:00,2024-01-15 06:45:00,2024-01-15 07:20:00,2024-01-15 08:40:00
2,PM,2024-03-01 08:00:00,2024-03-01 08:00:00,2024-03-01 08:00:00,2024-03-02 08:00:00
3,CM,2024-04-22 17:54:00,2024-04-22 19:10:00,2024-04-22 20:00:00,2024-04-22 23:15:00
4,CM,2024-07-31 09:27:00,2024-07-31 10:05:00,2024-07-31 11:20:00,2024-07-31 14:50:00
5,PM,2024-09-01 08:00:00,2024-09-01 08:00:00,2024-09-01 08:00:00,2024-09-02 08:00:00
6,CM,2024-10-10 13:56:00,2024-10-10 14:53:00,2024-10-10 20:46:00,2024-10-11 04:45:00
7,CM,2024-11-18 22:41:00,2024-11-18 23:30:00,2024-11-19 01:10:00,2024-11-19 03:20:00
8,CM,2024-12-04 06:11:00,2024-12-04 06:41:00,2024-12-04 15:25:00,2024-12-04 22:37:00
9,CM,2025-02-24 14:08:00,2025-02-24 14:55:00,2025-02-24 16:10:00,2025-02-24 19:40:00
10,PM,2025-03-01 08:00:00,2025-03-01 08:00:00,2025-03-01 08:00:00,2025-03-02 08:00:00
11,CM,2025-05-12 01:59:00,2025-05-12 02:39:00,2025-05-14 01:28:00,2025-05-14 11:19:00
12,CM,2025-06-03 05:33:00,2025-06-03 08:20:00,2025-06-03 09:00:00,2025-06-03 11:45:00
13,PM,2025-09-01 08:00:00,2025-09-01 08:00:00,2025-09-01 08:00:00,2025-09-02 08:00:00
14,CM,2025-09-11 18:26:00,2025-09-11 20:10:00,2025-09-11 21:00:00,2025-09-12 00:55:00
15,CM,2025-10-25 16:53:00,2025-10-25 17:40:00,2025-10-27 06:31:00,2025-10-27 09:00:00
16,CM,2025-12-20 07:51:00,2025-12-20 08:40:00,2025-12-20 10:15:00,2025-12-20 13:05:00
17,PM,2026-03-01 08:00:00,2026-03-01 08:00:00,2026-03-01 08:00:00,2026-03-02 08:00:00
18,CM,2026-03-29 12:17:00,2026-03-29 13:05:00,2026-03-29 15:00:00,2026-03-29 17:40:00
19,CM,2026-04-14 07:21:00,2026-04-14 08:18:00,2026-04-15 04:14:00,2026-04-15 09:34:00
20,CM,2026-04-21 15:20:00,2026-04-21 15:59:00,2026-04-23 11:47:00,2026-04-23 20:45:00
21,CM,2026-07-07 01:44:00,2026-07-07 04:20:00,2026-07-07 05:10:00,2026-07-07 07:05:00
22,PM,2026-09-01 08:00:00,2026-09-01 08:00:00,2026-09-01 08:00:00,2026-09-02 08:00:00
